"Timestamp","Sinu nimi:","Kes võidab?","Kes võidab?","Kes viskab Turkey - Spain mängus enim punkte? ","Kes võidab?","Kes võidab?","Kes viskab Lithuania - Bosnia and Herzegovina mängus enim punkte?","Kes võidab?","Kes võidab?","Kes viskab Bulgaria - Belgium mängus enim punkte?","Kes võidab?","Kes võidab?","Kes viskab France - Slovenia mängus enim punkte?","Kes võidab?","Kes võidab?","Kes viskab Georgia - Montenegro mängus enim punkte?","Kes võidab?","Kes võidab?","Kes viskab Hungary - Germany mängus enim punkte?","Kes võidab?","Kes võidab?","Kes viskab Finland - Netherlands mängus enim punkte?","Kes võidab?","Kes võidab?","Kes viskab Croatia - Ukraine mängus enim punkte?","Kes võidab?","Kes võidab?","Kes viskab Estonia - Greece mängus enim punkte?","Kes võidab?","Kes võidab?","Kes viskab Czech Republic - Israel mängus enim punkte?","Kes võidab?","Kes võidab?","Kes viskab Great Britain - Italy mängus enim punkte?","Kes võidab?","Kes võidab?","Kes viskab Serbia - Poland mängus enim punkte?","Millise mängu eest sa topelt punkte sooviksid?","Veel midagi?"
"2022/09/06 7:45:18 pm GMT+3","Kaspar","Spain","Spain","Shane Larkin (TUR)","Lithuania","Lithuania","Marius Grigonis (LTU)","Belgium","Belgium","Alexander Vezenkov (BUL)","Slovenia","Slovenia","Luka Doncic (SLO)","Montenegro","Montenegro","Bojan Dubljevic (MNE)","Germany","Hungary +15.5","Maodo Lo (GER)","Finland","Finland","Lauri Markkanen (FIN)","Ukraine","Croatia","Mario Hezonja (CRO)","Greece","Greece","Giannis Antetokounmpo (GRE)","Israel","Israel +3.5","Tomas Satoransky (CZE)","Italy","Italy","Simone Fontecchio (ITA)","Serbia","Poland +15.5","Nikola Jokic (SRB)","Lithuania - Bosnia and Herzegovina",""
"2022/09/07 12:40:36 am GMT+3","Roger","Turkey","Turkey +2.5","Alperen Sengun (TUR)","Lithuania","Bosnia and Herzegovina +8.5","Jonas Valanciunas (LTU)","Belgium","Bulgaria +5.5","Alexander Vezenkov (BUL)","France","France +2.5","Guerschon Yabusele (FRA)","Montenegro","Montenegro","Bojan Dubljevic (MNE)","Germany","Hungary +15.5","Maodo Lo (GER)","Finland","Finland","Lauri Markkanen (FIN)","Croatia","Croatia","Mario Hezonja (CRO)","Estonia","Estonia +18.5","Kristian Kullamae (EST)","Czech Republic","Czech Republic","Jan Vesely (CZE)","Italy","Great Britain +16.5","Luke Nelson (GBR)","Serbia","Poland +15.5","AJ Slaughter (POL)","Lithuania - Bosnia and Herzegovina",""
"2022/09/07 2:41:39 am GMT+3","Sébastien","Turkey","Turkey +2.5","Cedi Osman (TUR)","Lithuania","Bosnia and Herzegovina +8.5","Dzanan Musa (BIH)","Belgium","Belgium","Alexander Vezenkov (BUL)","France","France +2.5","Evan Fournier (FRA)","Montenegro","Montenegro","Bojan Dubljevic (MNE)","Germany","Hungary +15.5","Dennis Schroder (GER)","Finland","Netherlands +12.5","Lauri Markkanen (FIN)","Croatia","Croatia","Bojan Bogdanovic (CRO)","Greece","Greece","Giannis Antetokounmpo (GRE)","Israel","Israel +3.5","Jan Vesely (CZE)","Italy","Italy","Simone Fontecchio (ITA)","Serbia","Serbia","Nikola Jokic (SRB)","France - Slovenia",""
"2022/09/07 9:13:30 am GMT+3","Gert","Spain","Spain","Alperen Sengun (TUR)","Lithuania","Lithuania","Jonas Valanciunas (LTU)","Bulgaria","Bulgaria +5.5","Alexander Vezenkov (BUL)","France","France +2.5","Evan Fournier (FRA)","Georgia","Georgia +3.5","Thad McFadden (GEO)","Germany","Hungary +15.5","Maodo Lo (GER)","Finland","Finland","Lauri Markkanen (FIN)","Ukraine","Ukraine +7.5","Sviatoslav Mikhailiuk (UKR)","Greece","Estonia +18.5","Tyler Dorsey (GRE)","Israel","Israel +3.5","Deni Avdija (ISR)","Italy","Italy","Myles Hesson (GBR)","Serbia","Poland +15.5","AJ Slaughter (POL)","Bulgaria - Belgium",""
"2022/09/07 9:17:20 am GMT+3","Kiks","Spain","Spain","Alperen Sengun (TUR)","Lithuania","Bosnia and Herzegovina +8.5","Dzanan Musa (BIH)","Belgium","Bulgaria +5.5","Alexander Vezenkov (BUL)","Slovenia","Slovenia","Luka Doncic (SLO)","Montenegro","Montenegro","Vladimir Mihailovic (MNE)","Germany","Hungary +15.5","Dennis Schroder (GER)","Finland","Netherlands +12.5","Lauri Markkanen (FIN)","Croatia","Ukraine +7.5","Sviatoslav Mikhailiuk (UKR)","Greece","Estonia +18.5","Giannis Antetokounmpo (GRE)","Israel","Israel +3.5","Deni Avdija (ISR)","Italy","Italy","Simone Fontecchio (ITA)","Serbia","Serbia","Nikola Jokic (SRB)","Estonia - Greece","Shokolaad Kasparile"
"2022/09/07 10:19:52 am GMT+3","Kristo Kluiverson","Turkey","Turkey +2.5","Alperen Sengun (TUR)","Lithuania","Lithuania","Domantas Sabonis (LTU)","Belgium","Bulgaria +5.5","Retin Obasohan (BEL)","Slovenia","Slovenia","Luka Doncic (SLO)","Montenegro","Montenegro","Vladimir Mihailovic (MNE)","Germany","Germany","Dennis Schroder (GER)","Finland","Netherlands +12.5","Lauri Markkanen (FIN)","Croatia","Croatia","Bojan Bogdanovic (CRO)","Greece","Estonia +18.5","Kostas Sloukas (GRE)","Israel","Israel +3.5","Deni Avdija (ISR)","Italy","Italy","Simone Fontecchio (ITA)","Poland","Poland +15.5","AJ Slaughter (POL)","Great Britain - Italy",""
"2022/09/07 10:26:02 am GMT+3","RS","Spain","Spain","Lorenzo Brown (ESP)","Lithuania","Lithuania","Jonas Valanciunas (LTU)","Belgium","Bulgaria +5.5","Alexander Vezenkov (BUL)","Slovenia","Slovenia","Luka Doncic (SLO)","Montenegro","Montenegro","Kendrick Perry (MNE)","Germany","Germany","Franz Wagner (GER)","Finland","Netherlands +12.5","Sasu Salin (FIN)","Ukraine","Croatia","Sviatoslav Mikhailiuk (UKR)","Greece","Estonia +18.5","Kristian Kullamae (EST)","Czech Republic","Czech Republic","Jan Vesely (CZE)","Italy","Italy","Nicolo Melli (ITA)","Serbia","Poland +15.5","Marko Guduric (SRB)","Great Britain - Italy",""
"2022/09/07 10:27:29 am GMT+3","Horre Vahe","Turkey","Turkey +2.5","Shane Larkin (TUR)","Lithuania","Lithuania","Jonas Valanciunas (LTU)","Bulgaria","Bulgaria +5.5","Alexander Vezenkov (BUL)","France","France +2.5","Luka Doncic (SLO)","Georgia","Georgia +3.5","Bojan Dubljevic (MNE)","Germany","Germany","Franz Wagner (GER)","Finland","Finland","Lauri Markkanen (FIN)","Croatia","Croatia","Sviatoslav Mikhailiuk (UKR)","Greece","Greece","Giannis Antetokounmpo (GRE)","Czech Republic","Czech Republic","Vojtech Hruban (CZE)","Italy","Italy","Simone Fontecchio (ITA)","Serbia","Serbia","Nikola Jokic (SRB)","Serbia - Poland",""
"2022/09/07 10:30:02 am GMT+3","Asso","Spain","Spain","Willy Hernangomez (ESP)","Lithuania","Bosnia and Herzegovina +8.5","Dzanan Musa (BIH)","Belgium","Belgium","Retin Obasohan (BEL)","Slovenia","Slovenia","Evan Fournier (FRA)","Georgia","Georgia +3.5","Vladimir Mihailovic (MNE)","Germany","Germany","Franz Wagner (GER)","Finland","Finland","Sasu Salin (FIN)","Croatia","Croatia","Sviatoslav Mikhailiuk (UKR)","Greece","Estonia +18.5","Henri Drell (EST)","Czech Republic","Czech Republic","Jan Vesely (CZE)","Italy","Italy","Simone Fontecchio (ITA)","Serbia","Serbia","Nikola Kalinic (SRB)","Great Britain - Italy",""
"2022/09/07 10:48:15 am GMT+3","Bobi Paadik","Spain","Spain","Cedi Osman (TUR)","Lithuania","Bosnia and Herzegovina +8.5","Jonas Valanciunas (LTU)","Belgium","Belgium","Alexander Vezenkov (BUL)","France","France +2.5","Luka Doncic (SLO)","Montenegro","Montenegro","Thad McFadden (GEO)","Germany","Hungary +15.5","Dennis Schroder (GER)","Finland","Netherlands +12.5","Lauri Markkanen (FIN)","Croatia","Ukraine +7.5","Sviatoslav Mikhailiuk (UKR)","Greece","Estonia +18.5","Tyler Dorsey (GRE)","Israel","Israel +3.5","Deni Avdija (ISR)","Italy","Italy","Simone Fontecchio (ITA)","Serbia","Poland +15.5","Nikola Jokic (SRB)","Serbia - Poland",""
"2022/09/07 11:36:51 am GMT+3","Henry","Spain","Spain","Willy Hernangomez (ESP)","Lithuania","Lithuania","Jonas Valanciunas (LTU)","Belgium","Bulgaria +5.5","Alexander Vezenkov (BUL)","Slovenia","Slovenia","Luka Doncic (SLO)","Montenegro","Georgia +3.5","Vladimir Mihailovic (MNE)","Germany","Germany","Franz Wagner (GER)","Finland","Finland","Petteri Koponen (FIN)","Croatia","Ukraine +7.5","Bojan Bogdanovic (CRO)","Greece","Greece","Kerr Kriisa (EST)","Czech Republic","Czech Republic","Jan Vesely (CZE)","Italy","Italy","Simone Fontecchio (ITA)","Serbia","Serbia","Michal Sokolowski (POL)","Great Britain - Italy",""
"2022/09/07 11:38:43 am GMT+3","Jens-K","Spain","Spain","Alperen Sengun (TUR)","Lithuania","Bosnia and Herzegovina +8.5","Jonas Valanciunas (LTU)","Bulgaria","Bulgaria +5.5","Alexander Vezenkov (BUL)","France","France +2.5","Guerschon Yabusele (FRA)","Montenegro","Montenegro","Bojan Dubljevic (MNE)","Germany","Hungary +15.5","Adam Hanga (HUN)","Finland","Finland","Lauri Markkanen (FIN)","Croatia","Croatia","Sviatoslav Mikhailiuk (UKR)","Greece","Greece","Tyler Dorsey (GRE)","Israel","Israel +3.5","Jan Vesely (CZE)","Italy","Italy","Simone Fontecchio (ITA)","Serbia","Poland +15.5","Vasilije Micic (SRB)","Great Britain - Italy",""
"2022/09/07 11:51:22 am GMT+3","Raiko","Spain","Spain","Alperen Sengun (TUR)","Lithuania","Lithuania","Jonas Valanciunas (LTU)","Bulgaria","Bulgaria +5.5","Alexander Vezenkov (BUL)","Slovenia","Slovenia","Luka Doncic (SLO)","Georgia","Georgia +3.5","Sandro Mamukelashvili (GEO)","Germany","Hungary +15.5","Franz Wagner (GER)","Finland","Finland","Lauri Markkanen (FIN)","Croatia","Ukraine +7.5","Sviatoslav Mikhailiuk (UKR)","Greece","Estonia +18.5","Tyler Dorsey (GRE)","Israel","Israel +3.5","Deni Avdija (ISR)","Italy","Italy","Simone Fontecchio (ITA)","Serbia","Poland +15.5","Nikola Jokic (SRB)","France - Slovenia",""
"2022/09/07 12:27:44 pm GMT+3","Paul","Spain","Spain","Willy Hernangomez (ESP)","Lithuania","Bosnia and Herzegovina +8.5","Dzanan Musa (BIH)","Belgium","Belgium","Alexander Vezenkov (BUL)","Slovenia","Slovenia","Luka Doncic (SLO)","Montenegro","Montenegro","Bojan Dubljevic (MNE)","Germany","Germany","Dennis Schroder (GER)","Finland","Netherlands +12.5","Lauri Markkanen (FIN)","Croatia","Ukraine +7.5","Sviatoslav Mikhailiuk (UKR)","Greece","Estonia +18.5","Giannis Antetokounmpo (GRE)","Israel","Israel +3.5","Deni Avdija (ISR)","Italy","Italy","Simone Fontecchio (ITA)","Serbia","Serbia","Nikola Jokic (SRB)","Estonia - Greece",""
"2022/09/07 12:38:47 pm GMT+3","Mart","Spain","Spain","Alperen Sengun (TUR)","Lithuania","Bosnia and Herzegovina +8.5","Dzanan Musa (BIH)","Belgium","Bulgaria +5.5","Alexander Vezenkov (BUL)","Slovenia","Slovenia","Luka Doncic (SLO)","Montenegro","Montenegro","Thad McFadden (GEO)","Germany","Germany","Dennis Schroder (GER)","Finland","Finland","Lauri Markkanen (FIN)","Croatia","Ukraine +7.5","Sviatoslav Mikhailiuk (UKR)","Greece","Estonia +18.5","Giannis Antetokounmpo (GRE)","Czech Republic","Israel +3.5","Deni Avdija (ISR)","Italy","Italy","Simone Fontecchio (ITA)","Serbia","Serbia","Nikola Jokic (SRB)","Serbia - Poland",""
"2022/09/07 12:41:31 pm GMT+3","Kaur ","Spain","Spain","Willy Hernangomez (ESP)","Lithuania","Bosnia and Herzegovina +8.5","Jonas Valanciunas (LTU)","Bulgaria","Bulgaria +5.5","Alexander Vezenkov (BUL)","Slovenia","Slovenia","Luka Doncic (SLO)","Montenegro","Montenegro","Bojan Dubljevic (MNE)","Germany","Germany","Dennis Schroder (GER)","Finland","Finland","Lauri Markkanen (FIN)","Ukraine","Ukraine +7.5","Sviatoslav Mikhailiuk (UKR)","Greece","Estonia +18.5","Kristian Kullamae (EST)","Israel","Israel +3.5","Deni Avdija (ISR)","Italy","Italy","Simone Fontecchio (ITA)","Serbia","Serbia","Nikola Jokic (SRB)","Great Britain - Italy",""