"Timestamp","Sinu nimi:","Kes võidab?","Kes võidab?","Kes viskab Spain - Finland mängus enim punkte?","Kes võidab?","Kes võidab?","Kes viskab Germany - Greece mängus enim punkte?","Kes võidab?","Kes võidab?","Kes viskab France - Italy mängus enim punkte?","Kes võidab?","Kes võidab?","Kes viskab Slovenia - Poland mängus enim punkte?","Millise mängu eest sa topelt punkte sooviksid?","Veel midagi?"
"2022/09/12 9:10:36 am GMT+3","Gert","Spain","Finland +7.5","Lauri Markkanen (FIN)","Germany","Germany +6.5","Giannis Antetokounmpo (GRE)","France","France","Simone Fontecchio (ITA)","Slovenia","Slovenia","Luka Doncic (SLO)","Slovenia - Poland",""
"2022/09/12 9:53:31 am GMT+3","Horre Vahe","Spain","Spain","Lauri Markkanen (FIN)","Germany","Germany +6.5","Giannis Antetokounmpo (GRE)","France","France","Simone Fontecchio (ITA)","Slovenia","Slovenia","Luka Doncic (SLO)","Spain - Finland",""
"2022/09/12 10:04:26 am GMT+3","Henry","Spain","Finland +7.5","Lauri Markkanen (FIN)","Greece","Germany +6.5","Giannis Antetokounmpo (GRE)","France","Italy +5.5","Rudy Gobert (FRA)","Slovenia","Slovenia","Luka Doncic (SLO)","Slovenia - Poland",""
"2022/09/12 10:32:23 am GMT+3","Asso","Finland","Finland +7.5","Lauri Markkanen (FIN)","Greece","Germany +6.5","Giannis Antetokounmpo (GRE)","France","Italy +5.5","Rudy Gobert (FRA)","Slovenia","Poland +13.5","Luka Doncic (SLO)","Slovenia - Poland",""
"2022/09/12 12:19:00 pm GMT+3","Jens-K","Spain","Finland +7.5","Lauri Markkanen (FIN)","Greece","Germany +6.5","Giannis Antetokounmpo (GRE)","France","France","Rudy Gobert (FRA)","Slovenia","Poland +13.5","Luka Doncic (SLO)","Germany - Greece",""
"2022/09/12 4:36:56 pm GMT+3","Kiks","Spain","Finland +7.5","Willy Hernangomez (ESP)","Greece","Germany +6.5","Giannis Antetokounmpo (GRE)","France","Italy +5.5","Simone Fontecchio (ITA)","Slovenia","Slovenia","Luka Doncic (SLO)","Slovenia - Poland",""
"2022/09/12 5:39:19 pm GMT+3","Kaspar","Finland","Finland +7.5","Lauri Markkanen (FIN)","Greece","Greece","Giannis Antetokounmpo (GRE)","Italy","Italy +5.5","Evan Fournier (FRA)","Slovenia","Slovenia","Luka Doncic (SLO)","Slovenia - Poland",""
"2022/09/12 5:53:13 pm GMT+3","Sébastien","Spain","Spain","Lauri Markkanen (FIN)","Greece","Greece","Giannis Antetokounmpo (GRE)","France","France","Evan Fournier (FRA)","Slovenia","Slovenia","Luka Doncic (SLO)","France - Italy",""
"2022/09/12 10:10:17 pm GMT+3","Raiko","Spain","Spain","Lauri Markkanen (FIN)","Greece","Greece","Giannis Antetokounmpo (GRE)","France","France","Rudy Gobert (FRA)","Slovenia","Slovenia","Luka Doncic (SLO)","Spain - Finland",""
"2022/09/13 12:17:45 am GMT+3","Kristo Kluiverson","Spain","Spain","Lauri Markkanen (FIN)","Greece","Greece","Giannis Antetokounmpo (GRE)","France","France","Evan Fournier (FRA)","Slovenia","Poland +13.5","Luka Doncic (SLO)","France - Italy",""
"2022/09/13 12:37:23 am GMT+3","Paul","Spain","Spain","Lauri Markkanen (FIN)","Greece","Greece","Giannis Antetokounmpo (GRE)","France","France","Simone Fontecchio (ITA)","Slovenia","Slovenia","Luka Doncic (SLO)","Spain - Finland",""
"2022/09/13 8:35:55 am GMT+3","Roger","Spain","Spain","Lorenzo Brown (ESP)","Greece","Greece","Giannis Antetokounmpo (GRE)","France","France","Evan Fournier (FRA)","Slovenia","Poland +13.5","Luka Doncic (SLO)","Germany - Greece",""
"2022/09/13 9:15:27 am GMT+3","Bobi Paadik","Spain","Finland +7.5","Lauri Markkanen (FIN)","Greece","Germany +6.5","Giannis Antetokounmpo (GRE)","France","Italy +5.5","Simone Fontecchio (ITA)","Slovenia","Poland +13.5","Luka Doncic (SLO)","Spain - Finland",""
"2022/09/13 11:13:38 am GMT+3","RS","Spain","Spain","Lauri Markkanen (FIN)","Greece","Germany +6.5","Giannis Antetokounmpo (GRE)","France","France","Rudy Gobert (FRA)","Slovenia","Poland +13.5","Goran Dragic (SLO)","Spain - Finland",""
"2022/09/13 3:43:37 pm GMT+3","Mart","Spain","Spain","Lauri Markkanen (FIN)","Greece","Greece","Giannis Antetokounmpo (GRE)","France","Italy +5.5","Simone Fontecchio (ITA)","Slovenia","Slovenia","Luka Doncic (SLO)","Germany - Greece",""
"2022/09/13 5:16:24 pm GMT+3","Kaur","Finland","Finland +7.5","Lauri Markkanen (FIN)","Germany","Germany +6.5","Giannis Antetokounmpo (GRE)","Italy","Italy +5.5","Marco Spissu (ITA)","Slovenia","Slovenia","Luka Doncic (SLO)","Spain - Finland",""