"Timestamp","Sinu nimi:","Kes võidab?","Kes võidab?","Kes viskab Montenegro - Belgium mängus enim punkte?","Kes võidab?","Kes võidab?","Kes viskab Finland - Poland mängus enim punkte?","Kes võidab?","Kes võidab?","Kes viskab Great Britain - Croatia mängus enim punkte?","Kes võidab?","Kes võidab?","Kes viskab Germany - Bosnia and Herzegovina mängus enim punkte?","Kes võidab?","Kes võidab?","Kes viskab Bulgaria - Turkey mängus enim punkte?","Kes võidab?","Kes võidab?","Kes viskab Estonia - Ukraine mängus enim punkte?","Kes võidab?","Kes võidab?","Kes viskab Czech Republic - Serbia mängus enim punkte?","Kes võidab?","Kes võidab?","Kes viskab Lithuania - France mängus enim punkte?","Kes võidab?","Kes võidab?","Kes viskab Georgia - Spain mängus enim punkte?","Kes võidab?","Kes võidab?","Kes viskab Hungary - Slovenia mängus enim punkte?","Kes võidab?","Kes võidab?","Kes viskab Greece - Italy mängus enim punkte?","Kes võidab?","Kes võidab?","Kes viskab Netherlands - Israel mängus enim punkte?","Millise mängu eest sa topelt punkte sooviksid?","Veel midagi?"
"2022/09/02 11:30:38 am GMT+3","Roger","Montenegro","Montenegro","Bojan Dubljevic (MNE)","Poland","Poland +4.5","Mateusz Ponitka (POL)","Croatia","Croatia","Mario Hezonja (CRO)","Germany","Bosnia and Herzegovina +10.5","Jusuf Nurkic (BIH)","Turkey","Bulgaria +16.5","Alexander Vezenkov (BUL)","Estonia","Estonia +7.5","Maik-Kalev Kotsar (EST)","Serbia","Czech Republic +10.5","Jan Vesely (CZE)","Lithuania","Lithuania +3.5","Marius Grigonis (LTU)","Spain","Spain","Lorenzo Brown (ESP)","Slovenia","Hungary +17.5","Luka Doncic (SLO)","Italy","Italy +6.5","Giannis Antetokounmpo (GRE)","Israel","Israel","Deni Avdija (ISR)","Bulgaria - Turkey",""
"2022/09/02 11:33:18 am GMT+3","RS","Montenegro","Belgium +6.5","Bojan Dubljevic (MNE)","Finland","Finland","Sasu Salin (FIN)","Croatia","Croatia","Bojan Bogdanovic (CRO)","Germany","Bosnia and Herzegovina +10.5","Dennis Schroder (GER)","Turkey","Bulgaria +16.5","Shane Larkin (TUR)","Ukraine","Estonia +7.5","Sviatoslav Mikhailiuk (UKR)","Serbia","Serbia","Vasilije Micic (SRB)","France","France","Evan Fournier (FRA)","Spain","Georgia +12.5","Goga Bitadze (GEO)","Slovenia","Slovenia","Luka Doncic (SLO)","Greece","Greece","Giannis Antetokounmpo (GRE)","Israel","Israel","Yannick Franke (NED)","Hungary - Slovenia",""
"2022/09/02 11:35:47 am GMT+3","Gert","Montenegro","Montenegro","Kendrick Perry (MNE)","Finland","Finland","Mateusz Ponitka (POL)","Croatia","Croatia","Mario Hezonja (CRO)","Germany","Germany","Johannes Thiemann (GER)","Turkey","Turkey","Alexander Vezenkov (BUL)","Estonia","Estonia +7.5","Maik-Kalev Kotsar (EST)","Serbia","Serbia","Nikola Jokic (SRB)","France","France","Thomas Heurtel (FRA)","Spain","Spain","Lorenzo Brown (ESP)","Slovenia","Slovenia","Mike Tobey (SLO)","Greece","Greece","Kostas Sloukas (GRE)","Israel","Israel","Yovel Zoosman (ISR)","Georgia - Spain",""
"2022/09/02 12:11:34 pm GMT+3","Kaspar","Montenegro","Montenegro","Bojan Dubljevic (MNE)","Finland","Finland","Lauri Markkanen (FIN)","Croatia","Croatia","Mario Hezonja (CRO)","Germany","Bosnia and Herzegovina +10.5","Jusuf Nurkic (BIH)","Turkey","Bulgaria +16.5","Alexander Vezenkov (BUL)","Estonia","Estonia +7.5","Maik-Kalev Kotsar (EST)","Serbia","Serbia","Nikola Jokic (SRB)","Lithuania","Lithuania +3.5","Evan Fournier (FRA)","Spain","Georgia +12.5","Thad McFadden (GEO)","Slovenia","Hungary +17.5","Luka Doncic (SLO)","Greece","Greece","Giannis Antetokounmpo (GRE)","Israel","Israel","Mohamed Kherrazi (NED)","Greece - Italy",""
"2022/09/02 12:20:07 pm GMT+3","Jens-K","Montenegro","Belgium +6.5","Retin Obasohan (BEL)","Finland","Finland","AJ Slaughter (POL)","Croatia","Croatia","Myles Hesson (GBR)","Germany","Bosnia and Herzegovina +10.5","Dzanan Musa (BIH)","Turkey","Turkey","Alexander Vezenkov (BUL)","Ukraine","Ukraine","Sviatoslav Mikhailiuk (UKR)","Serbia","Serbia","Tomas Satoransky (CZE)","France","France","Guerschon Yabusele (FRA)","Spain","Spain","Willy Hernangomez (ESP)","Slovenia","Slovenia","Luka Doncic (SLO)","Greece","Greece","Giannis Antetokounmpo (GRE)","Israel","Israel","Yannick Franke (NED)","Estonia - Ukraine",""
"2022/09/02 1:35:45 pm GMT+3","Horre Vahe","Montenegro","Montenegro","Bojan Dubljevic (MNE)","Poland","Poland +4.5","Lauri Markkanen (FIN)","Croatia","Croatia","Bojan Bogdanovic (CRO)","Germany","Germany","Dennis Schroder (GER)","Turkey","Turkey","Alexander Vezenkov (BUL)","Estonia","Estonia +7.5","Kristian Kullamae (EST)","Serbia","Serbia","Nikola Jokic (SRB)","Lithuania","Lithuania +3.5","Guerschon Yabusele (FRA)","Spain","Spain","Juancho Hernangomez (ESP)","Slovenia","Slovenia","Luka Doncic (SLO)","Greece","Greece","Giannis Antetokounmpo (GRE)","Israel","Israel","Gal Mekel (ISR)","Czech Republic - Serbia","Jokic triple-double"
"2022/09/02 3:06:18 pm GMT+3","Paul","Montenegro","Montenegro","Bojan Dubljevic (MNE)","Finland","Finland","Lauri Markkanen (FIN)","Great Britain","Great Britain +9.5","Myles Hesson (GBR)","Germany","Germany","Johannes Thiemann (GER)","Turkey","Bulgaria +16.5","Furkan Korkmaz (TUR)","Ukraine","Ukraine","Sviatoslav Mikhailiuk (UKR)","Serbia","Serbia","Nikola Jokic (SRB)","Lithuania","Lithuania +3.5","Domantas Sabonis (LTU)","Spain","Spain","Lorenzo Brown (ESP)","Slovenia","Hungary +17.5","Luka Doncic (SLO)","Greece","Greece","Giannis Antetokounmpo (GRE)","Israel","Netherlands +7.5","Deni Avdija (ISR)","Estonia - Ukraine",""
"2022/09/02 3:32:49 pm GMT+3","Raiko","Montenegro","Montenegro","Bojan Dubljevic (MNE)","Finland","Finland","Lauri Markkanen (FIN)","Croatia","Croatia","Mario Hezonja (CRO)","Germany","Germany","Dennis Schroder (GER)","Turkey","Turkey","Shane Larkin (TUR)","Ukraine","Ukraine","Oleksiy Len (UKR)","Serbia","Serbia","Tomas Satoransky (CZE)","Lithuania","Lithuania +3.5","Domantas Sabonis (LTU)","Spain","Spain","Lorenzo Brown (ESP)","Slovenia","Slovenia","Luka Doncic (SLO)","Greece","Greece","Giannis Antetokounmpo (GRE)","Israel","Israel","Tamir Blatt (ISR)","Hungary - Slovenia",""
"2022/09/02 4:09:41 pm GMT+3","Kiks","Montenegro","Belgium +6.5","Kendrick Perry (MNE)","Finland","Finland","Lauri Markkanen (FIN)","Croatia","Great Britain +9.5","Dario Saric (CRO)","Germany","Bosnia and Herzegovina +10.5","Dennis Schroder (GER)","Turkey","Bulgaria +16.5","Cedi Osman (TUR)","Estonia","Ukraine","Kerr Kriisa (EST)","Serbia","Serbia","Nikola Jokic (SRB)","Lithuania","France","Mindaugas Kuzminskas (LTU)","Spain","Georgia +12.5","Willy Hernangomez (ESP)","Slovenia","Hungary +17.5","Luka Doncic (SLO)","Greece","Greece","Giannis Antetokounmpo (GRE)","Israel","Netherlands +7.5","Deni Avdija (ISR)","Greece - Italy",""
"2022/09/02 9:18:41 pm GMT+3","Kristo Kluiverson","Montenegro","Montenegro","Bojan Dubljevic (MNE)","Poland","Poland +4.5","AJ Slaughter (POL)","Croatia","Croatia","Bojan Bogdanovic (CRO)","Germany","Bosnia and Herzegovina +10.5","Jusuf Nurkic (BIH)","Turkey","Bulgaria +16.5","Cedi Osman (TUR)","Estonia","Estonia +7.5","Oleksiy Len (UKR)","Serbia","Serbia","Nikola Jokic (SRB)","Lithuania","Lithuania +3.5","Guerschon Yabusele (FRA)","Spain","Spain","Thad McFadden (GEO)","Slovenia","Hungary +17.5","Mike Tobey (SLO)","Greece","Greece","Giannis Antetokounmpo (GRE)","Israel","Israel","Deni Avdija (ISR)","Netherlands - Israel",""
"2022/09/02 11:52:58 pm GMT+3","Asso","Montenegro","Belgium +6.5","Bojan Dubljevic (MNE)","Finland","Finland","Lauri Markkanen (FIN)","Croatia","Croatia","Bojan Bogdanovic (CRO)","Germany","Bosnia and Herzegovina +10.5","Jusuf Nurkic (BIH)","Turkey","Bulgaria +16.5","Shane Larkin (TUR)","Ukraine","Ukraine","Sviatoslav Mikhailiuk (UKR)","Serbia","Serbia","Nikola Jokic (SRB)","Lithuania","Lithuania +3.5","Evan Fournier (FRA)","Spain","Spain","Willy Hernangomez (ESP)","Slovenia","Slovenia","Luka Doncic (SLO)","Greece","Greece","Giannis Antetokounmpo (GRE)","Israel","Netherlands +7.5","Deni Avdija (ISR)","Czech Republic - Serbia",""
"2022/09/02 11:56:56 pm GMT+3","Sébastien","Belgium","Belgium +6.5","Manu Lecomte (BEL)","Finland","Finland","Lauri Markkanen (FIN)","Croatia","Croatia","Bojan Bogdanovic (CRO)","Germany","Germany","Dennis Schroder (GER)","Turkey","Turkey","Furkan Korkmaz (TUR)","Ukraine","Ukraine","Sviatoslav Mikhailiuk (UKR)","Serbia","Serbia","Nikola Jokic (SRB)","France","France","Evan Fournier (FRA)","Spain","Spain","Thad McFadden (GEO)","Slovenia","Hungary +17.5","Luka Doncic (SLO)","Greece","Greece","Giannis Antetokounmpo (GRE)","Israel","Israel","Worthy De Jong (NED)","Lithuania - France",""
"2022/09/03 6:36:15 am GMT+3","Henry","Montenegro","Belgium +6.5","Ismael Bako (BEL)","Finland","Finland","Lauri Markkanen (FIN)","Croatia","Croatia","Mario Hezonja (CRO)","Germany","Germany","Jusuf Nurkic (BIH)","Turkey","Turkey","Shane Larkin (TUR)","Estonia","Estonia +7.5","Kerr Kriisa (EST)","Serbia","Serbia","Nikola Jokic (SRB)","Lithuania","Lithuania +3.5","Rudy Gobert (FRA)","Spain","Spain","Rudy Fernandez (ESP)","Slovenia","Slovenia","Luka Doncic (SLO)","Greece","Greece","Giannis Antetokounmpo (GRE)","Israel","Israel","Roman Sorkin (ISR)","Hungary - Slovenia",""
"2022/09/03 9:11:54 am GMT+3","Bobi Paadik","Montenegro","Belgium +6.5","Kendrick Perry (MNE)","Finland","Finland","Lauri Markkanen (FIN)","Croatia","Croatia","Bojan Bogdanovic (CRO)","Germany","Bosnia and Herzegovina +10.5","Dennis Schroder (GER)","Turkey","Bulgaria +16.5","Alexander Vezenkov (BUL)","Ukraine","Estonia +7.5","Sviatoslav Mikhailiuk (UKR)","Serbia","Serbia","Nikola Jokic (SRB)","France","France","Guerschon Yabusele (FRA)","Spain","Spain","Thad McFadden (GEO)","Slovenia","Hungary +17.5","Luka Doncic (SLO)","Greece","Greece","Giannis Antetokounmpo (GRE)","Israel","Netherlands +7.5","Deni Avdija (ISR)","Hungary - Slovenia",""
"2022/09/03 10:58:30 am GMT+3","Mart","Montenegro","Belgium +6.5","Bojan Dubljevic (MNE)","Finland","Poland +4.5","Lauri Markkanen (FIN)","Croatia","Croatia","Bojan Bogdanovic (CRO)","Germany","Bosnia and Herzegovina +10.5","Jusuf Nurkic (BIH)","Turkey","Bulgaria +16.5","Alexander Vezenkov (BUL)","Ukraine","Ukraine","Sviatoslav Mikhailiuk (UKR)","Serbia","Serbia","Nikola Jokic (SRB)","France","Lithuania +3.5","Evan Fournier (FRA)","Spain","Georgia +12.5","Thad McFadden (GEO)","Slovenia","Slovenia","Luka Doncic (SLO)","Greece","Greece","Giannis Antetokounmpo (GRE)","Israel","Israel","Worthy De Jong (NED)","Great Britain - Croatia",""
"2022/09/03 11:49:52 am GMT+3","Kaur","Montenegro","Montenegro","Marko Simonovic (MNE)","Finland","Finland","Lauri Markkanen (FIN)","Croatia","Croatia","Bojan Bogdanovic (CRO)","Germany","Bosnia and Herzegovina +10.5","Dzanan Musa (BIH)","Turkey","Bulgaria +16.5","Alexander Vezenkov (BUL)","Estonia","Estonia +7.5","Maik-Kalev Kotsar (EST)","Serbia","Serbia","Nikola Jokic (SRB)","Lithuania","Lithuania +3.5","Domantas Sabonis (LTU)","Spain","Spain","Lorenzo Brown (ESP)","Slovenia","Slovenia","Luka Doncic (SLO)","Italy","Italy +6.5","Giannis Antetokounmpo (GRE)","Israel","Israel","Deni Avdija (ISR)","Great Britain - Croatia",""