"Timestamp","Sinu nimi:","Kes võidab?","Kes võidab?","Kes viskab Turkey - France mängus enim punkte? ","Kes võidab?","Kes võidab?","Kes viskab Slovenia - Belgium mängus enim punkte?","Kes võidab?","Kes võidab?","Kes viskab Germany - Montenegro mängus enim punkte?","Kes võidab?","Kes võidab?","Kes viskab Spain - Lithuania mängus enim punkte?","Kes võidab?","Kes võidab?","Kes viskab Ukraine - Poland mängus enim punkte?","Kes võidab?","Kes võidab?","Kes viskab Finland - Croatia mängus enim punkte?","Kes võidab?","Kes võidab?","Kes viskab Serbia - Italy mängus enim punkte?","Kes võidab?","Kes võidab?","Kes viskab Greece - Czech Republic mängus enim punkte?","Millise mängu eest sa topelt punkte sooviksid?","Veel midagi?"
"2022/09/09 9:17:28 am GMT+3","Kaspar","France","France","Evan Fournier (FRA)","Slovenia","Slovenia","Luka Doncic (SLO)","Germany","Montenegro +11.5","Dennis Schroder (GER)","Lithuania","Lithuania","Jonas Valanciunas (LTU)","Ukraine","Ukraine","Sviatoslav Mikhailiuk (UKR)","Croatia","Croatia +3.5","Lauri Markkanen (FIN)","Serbia","Serbia","Nikola Jokic (SRB)","Greece","Czech Republic +19.5","Giannis Antetokounmpo (GRE)","Slovenia - Belgium",""
"2022/09/09 1:19:11 pm GMT+3","Gert","France","France","Evan Fournier (FRA)","Slovenia","Slovenia","Luka Doncic (SLO)","Germany","Germany","Franz Wagner (GER)","Lithuania","Lithuania","Jonas Valanciunas (LTU)","Ukraine","Ukraine","Sviatoslav Mikhailiuk (UKR)","Finland","Finland","Lauri Markkanen (FIN)","Serbia","Italy +8.5","Nikola Jokic (SRB)","Greece","Czech Republic +19.5","Giannis Antetokounmpo (GRE)","Turkey - France",""
"2022/09/09 2:19:30 pm GMT+3","Raiko","France","France","Evan Fournier (FRA)","Slovenia","Belgium +17.5","Luka Doncic (SLO)","Germany","Germany","Dennis Schroder (GER)","Lithuania","Lithuania","Jonas Valanciunas (LTU)","Ukraine","Ukraine","Sviatoslav Mikhailiuk (UKR)","Croatia","Croatia +3.5","Lauri Markkanen (FIN)","Serbia","Serbia","Nikola Jokic (SRB)","Greece","Czech Republic +19.5","Giannis Antetokounmpo (GRE)","Slovenia - Belgium",""
"2022/09/09 4:53:54 pm GMT+3","Kristo Kluiverson","Turkey","Turkey +7.5","Cedi Osman (TUR)","Slovenia","Belgium +17.5","Luka Doncic (SLO)","Germany","Montenegro +11.5","Dennis Schroder (GER)","Lithuania","Lithuania","Domantas Sabonis (LTU)","Ukraine","Ukraine","AJ Slaughter (POL)","Croatia","Croatia +3.5","Bojan Bogdanovic (CRO)","Serbia","Serbia","Nikola Jokic (SRB)","Greece","Czech Republic +19.5","Giannis Antetokounmpo (GRE)","Serbia - Italy",""
"2022/09/09 5:00:11 pm GMT+3","Sébastien","France","France","Evan Fournier (FRA)","Slovenia","Belgium +17.5","Luka Doncic (SLO)","Germany","Germany","Dennis Schroder (GER)","Spain","Spain +5.5","Willy Hernangomez (ESP)","Ukraine","Ukraine","Sviatoslav Mikhailiuk (UKR)","Croatia","Croatia +3.5","Bojan Bogdanovic (CRO)","Serbia","Italy +8.5","Nikola Jokic (SRB)","Greece","Greece","Giannis Antetokounmpo (GRE)","Turkey - France",""
"2022/09/09 5:50:39 pm GMT+3","Jens-K","France","Turkey +7.5","Shane Larkin (TUR)","Slovenia","Slovenia","Luka Doncic (SLO)","Germany","Germany","Franz Wagner (GER)","Lithuania","Spain +5.5","Willy Hernangomez (ESP)","Ukraine","Poland +4.5","Sviatoslav Mikhailiuk (UKR)","Finland","Finland","Lauri Markkanen (FIN)","Serbia","Serbia","Nikola Jokic (SRB)","Greece","Czech Republic +19.5","Giannis Antetokounmpo (GRE)","Slovenia - Belgium",""
"2022/09/09 11:00:28 pm GMT+3","RS","France","France","Rudy Gobert (FRA)","Slovenia","Belgium +17.5","Luka Doncic (SLO)","Germany","Germany","Franz Wagner (GER)","Lithuania","Spain +5.5","Marius Grigonis (LTU)","Poland","Poland +4.5","Mateusz Ponitka (POL)","Croatia","Croatia +3.5","Lauri Markkanen (FIN)","Serbia","Serbia","Nikola Jokic (SRB)","Greece","Czech Republic +19.5","Giannis Antetokounmpo (GRE)","Serbia - Italy",""
"2022/09/10 3:09:48 am GMT+3","Paul","France","France","Evan Fournier (FRA)","Slovenia","Belgium +17.5","Luka Doncic (SLO)","Germany","Germany","Dennis Schroder (GER)","Spain","Spain +5.5","Willy Hernangomez (ESP)","Ukraine","Ukraine","Sviatoslav Mikhailiuk (UKR)","Croatia","Croatia +3.5","Lauri Markkanen (FIN)","Serbia","Italy +8.5","Nikola Jokic (SRB)","Greece","Czech Republic +19.5","Giannis Antetokounmpo (GRE)","Greece - Czech Republic",""
"2022/09/10 3:14:32 am GMT+3","Mart","France","France","Evan Fournier (FRA)","Slovenia","Slovenia","Luka Doncic (SLO)","Germany","Montenegro +11.5","Dennis Schroder (GER)","Lithuania","Spain +5.5","Jonas Valanciunas (LTU)","Ukraine","Poland +4.5","Sviatoslav Mikhailiuk (UKR)","Croatia","Croatia +3.5","Lauri Markkanen (FIN)","Serbia","Serbia","Nikola Jokic (SRB)","Greece","Czech Republic +19.5","Giannis Antetokounmpo (GRE)","Finland - Croatia",""
"2022/09/10 9:55:39 am GMT+3","Bobi Paadik","France","France","Cedi Osman (TUR)","Slovenia","Belgium +17.5","Luka Doncic (SLO)","Germany","Montenegro +11.5","Dennis Schroder (GER)","Lithuania","Lithuania","Jonas Valanciunas (LTU)","Ukraine","Ukraine","Sviatoslav Mikhailiuk (UKR)","Croatia","Croatia +3.5","Lauri Markkanen (FIN)","Serbia","Italy +8.5","Nikola Jokic (SRB)","Greece","Czech Republic +19.5","Giannis Antetokounmpo (GRE)","Greece - Czech Republic",""
"2022/09/10 10:34:23 am GMT+3","Kiks","France","Turkey +7.5","Cedi Osman (TUR)","Slovenia","Belgium +17.5","Luka Doncic (SLO)","Germany","Germany","Dennis Schroder (GER)","Lithuania","Spain +5.5","Marius Grigonis (LTU)","Ukraine","Poland +4.5","Sviatoslav Mikhailiuk (UKR)","Finland","Croatia +3.5","Lauri Markkanen (FIN)","Serbia","Serbia","Nikola Jokic (SRB)","Greece","Greece","Giannis Antetokounmpo (GRE)","Greece - Czech Republic","Šoks Rogerile pls"
"2022/09/10 12:17:21 pm GMT+3","Roger","France","Turkey +7.5","Evan Fournier (FRA)","Slovenia","Belgium +17.5","Mike Tobey (SLO)","Germany","Montenegro +11.5","Bojan Dubljevic (MNE)","Lithuania","Spain +5.5","Domantas Sabonis (LTU)","Ukraine","Poland +4.5","Issuf Sanon (UKR)","Croatia","Croatia +3.5","Dario Saric (CRO)","Serbia","Italy +8.5","Vasilije Micic (SRB)","Greece","Czech Republic +19.5","Giannis Antetokounmpo (GRE)","Greece - Czech Republic",""
"2022/09/10 2:46:43 pm GMT+3","Horre Vahe","France","France","Shane Larkin (TUR)","Slovenia","Slovenia","Luka Doncic (SLO)","Germany","Germany","Franz Wagner (GER)","Lithuania","Lithuania","Jonas Valanciunas (LTU)","Ukraine","Ukraine","Sviatoslav Mikhailiuk (UKR)","Croatia","Croatia +3.5","Bojan Bogdanovic (CRO)","Serbia","Serbia","Nikola Jokic (SRB)","Greece","Greece","Giannis Antetokounmpo (GRE)","Serbia - Italy",""
"2022/09/10 2:50:27 pm GMT+3","Kaur","France","France","Elie Okobo (FRA)","Slovenia","Slovenia","Luka Doncic (SLO)","Germany","Montenegro +11.5","Bojan Dubljevic (MNE)","Lithuania","Lithuania","Jonas Valanciunas (LTU)","Ukraine","Ukraine","Sviatoslav Mikhailiuk (UKR)","Finland","Finland","Lauri Markkanen (FIN)","Serbia","Serbia","Nikola Jokic (SRB)","Greece","Czech Republic +19.5","Giannis Antetokounmpo (GRE)","Slovenia - Belgium",""
"2022/09/10 3:06:33 pm GMT+3","Asso","Turkey","France","Melih Mahmutoglu (TUR)","Slovenia","Slovenia","Luka Doncic (SLO)","Germany","Germany","Kendrick Perry (MNE)","Lithuania","Spain +5.5","Jonas Valanciunas (LTU)","Ukraine","Ukraine","Sviatoslav Mikhailiuk (UKR)","Finland","Finland","Lauri Markkanen (FIN)","Serbia","Serbia","Nikola Jokic (SRB)","Greece","Greece","Giannis Antetokounmpo (GRE)","Serbia - Italy","sorri, et hiljem"
"2022/09/10 3:36:52 pm GMT+3","Henry","Turkey","Turkey +7.5","Timothe Luwawu-Cabarrot (FRA)","Slovenia","Slovenia","Luka Doncic (SLO)","Germany","Germany","Franz Wagner (GER)","Lithuania","Spain +5.5","Jonas Valanciunas (LTU)","Ukraine","Ukraine","Sviatoslav Mikhailiuk (UKR)","Croatia","Croatia +3.5","Lauri Markkanen (FIN)","Serbia","Serbia","Nikola Jokic (SRB)","Greece","Greece","Giannis Antetokounmpo (GRE)","Greece - Czech Republic",""