"Timestamp","Sinu nimi:","Kes võidab?","Kes võidab?","Kes viskab Belgium - Turkey mängus enim punkte? ","Kes võidab?","Kes võidab?","Kes viskab Netherlands - Poland mängus enim punkte?","Kes võidab?","Kes võidab?","Kes viskab Estonia - Great Britain mängus enim punkte?","Kes võidab?","Kes võidab?","Kes viskab Bosnia and Herzegovina - France mängus enim punkte?","Kes võidab?","Kes võidab?","Kes viskab Montenegro - Spain mängus enim punkte?","Kes võidab?","Kes võidab?","Kes viskab Greece - Ukraine mängus enim punkte?","Kes võidab?","Kes võidab?","Kes viskab Hungary - Lithuania mängus enim punkte?","Kes võidab?","Kes võidab?","Kes viskab Finland - Czech Republic mängus enim punkte?","Kes võidab?","Kes võidab?","Kes viskab Georgia - Bulgaria mängus enim punkte?","Kes võidab?","Kes võidab?","Kes viskab Germany - Slovenia mängus enim punkte?","Kes võidab?","Kes võidab?","Kes viskab Italy - Croatia mängus enim punkte?","Kes võidab?","Kes võidab?","Kes viskab Israel - Serbia mängus enim punkte?","Millise mängu eest sa topelt punkte sooviksid?","Veel midagi?"
"2022/09/05 6:13:00 pm GMT+3","Horre Vahe","Turkey","Turkey","Alperen Sengun (TUR)","Poland","Poland","Mateusz Ponitka (POL)","Estonia","Estonia +1.5","Siim-Sander Vene (EST)","France","France","Evan Fournier (FRA)","Spain","Spain","Juancho Hernangomez (ESP)","Greece","Greece","Sviatoslav Mikhailiuk (UKR)","Lithuania","Lithuania","Marius Grigonis (LTU)","Czech Republic","Czech Republic","Lauri Markkanen (FIN)","Georgia","Georgia","Alexander Vezenkov (BUL)","Germany","Germany +4.5","Franz Wagner (GER)","Italy","Italy","Simone Fontecchio (ITA)","Serbia","Serbia","Nikola Jokic (SRB)","Israel - Serbia",""
"2022/09/05 9:18:29 pm GMT+3","Sébastien","Belgium","Belgium +5.5","Cedi Osman (TUR)","Netherlands","Netherlands +8.5","Worthy De Jong (NED)","Estonia","Estonia +1.5","Kerr Kriisa (EST)","France","France","Evan Fournier (FRA)","Spain","Montenegro +8.5","Bojan Dubljevic (MNE)","Greece","Greece","Giannis Antetokounmpo (GRE)","Lithuania","Hungary +17.5","Jonas Valanciunas (LTU)","Czech Republic","Czech Republic","Tomas Satoransky (CZE)","Bulgaria","Bulgaria +5.5","Alexander Vezenkov (BUL)","Germany","Germany +4.5","Dennis Schroder (GER)","Italy","Italy","Simone Fontecchio (ITA)","Serbia","Israel +13.5","Nikola Jokic (SRB)","Bosnia and Herzegovina - France",""
"2022/09/05 10:34:41 pm GMT+3","Asso","Turkey","Turkey","Shane Larkin (TUR)","Poland","Poland","AJ Slaughter (POL)","Estonia","Estonia +1.5","Maik-Kalev Kotsar (EST)","France","Bosnia and Herzegovina +7.5","Evan Fournier (FRA)","Spain","Spain","Vladimir Mihailovic (MNE)","Greece","Greece","Sviatoslav Mikhailiuk (UKR)","Lithuania","Lithuania","Jonas Valanciunas (LTU)","Finland","Finland +1.5","Jan Vesely (CZE)","Georgia","Georgia","Sandro Mamukelashvili (GEO)","Slovenia","Slovenia","Luka Doncic (SLO)","Croatia","Croatia +1.5","Dario Saric (CRO)","Serbia","Israel +13.5","Vasilije Micic (SRB)","Hungary - Lithuania",""
"2022/09/05 10:39:39 pm GMT+3","Gert","Belgium","Belgium +5.5","Shane Larkin (TUR)","Netherlands","Netherlands +8.5","Worthy De Jong (NED)","Estonia","Estonia +1.5","Maik-Kalev Kotsar (EST)","Bosnia and Herzegovina","Bosnia and Herzegovina +7.5","Dzanan Musa (BIH)","Montenegro","Montenegro +8.5","Bojan Dubljevic (MNE)","Greece","Greece","Giannis Antetokounmpo (GRE)","Lithuania","Lithuania","Jonas Valanciunas (LTU)","Finland","Finland +1.5","Edon Maxhuni (FIN)","Bulgaria","Bulgaria +5.5","Alexander Vezenkov (BUL)","Germany","Germany +4.5","Maodo Lo (GER)","Italy","Italy","Nicolo Melli (ITA)","Serbia","Serbia","Vasilije Micic (SRB)","Estonia - Great Britain",""
"2022/09/05 11:31:50 pm GMT+3","Raiko","Turkey","Turkey","Shane Larkin (TUR)","Poland","Netherlands +8.5","Mateusz Ponitka (POL)","Estonia","Estonia +1.5","Maik-Kalev Kotsar (EST)","France","France","Dzanan Musa (BIH)","Spain","Montenegro +8.5","Lorenzo Brown (ESP)","Greece","Ukraine +14.5","Tyler Dorsey (GRE)","Lithuania","Hungary +17.5","Jonas Valanciunas (LTU)","Czech Republic","Czech Republic","Tomas Satoransky (CZE)","Georgia","Georgia","Giorgi Shermadini (GEO)","Slovenia","Germany +4.5","Luka Doncic (SLO)","Italy","Italy","Simone Fontecchio (ITA)","Serbia","Israel +13.5","Vasilije Micic (SRB)","Greece - Ukraine",""
"2022/09/06 7:06:10 am GMT+3","Kaspar","Turkey","Belgium +5.5","Cedi Osman (TUR)","Poland","Poland","Worthy De Jong (NED)","Estonia","Estonia +1.5","Maik-Kalev Kotsar (EST)","France","France","Evan Fournier (FRA)","Spain","Montenegro +8.5","Bojan Dubljevic (MNE)","Greece","Ukraine +14.5","Giannis Antetokounmpo (GRE)","Lithuania","Hungary +17.5","Jonas Valanciunas (LTU)","Finland","Finland +1.5","Lauri Markkanen (FIN)","Georgia","Georgia","Alexander Vezenkov (BUL)","Slovenia","Slovenia","Luka Doncic (SLO)","Italy","Italy","Simone Fontecchio (ITA)","Serbia","Serbia","Deni Avdija (ISR)","Greece - Ukraine",""
"2022/09/06 9:42:42 am GMT+3","Kiks","Turkey","Belgium +5.5","Cedi Osman (TUR)","Poland","Netherlands +8.5","AJ Slaughter (POL)","Estonia","Estonia +1.5","Maik-Kalev Kotsar (EST)","France","Bosnia and Herzegovina +7.5","Dzanan Musa (BIH)","Spain","Montenegro +8.5","Vladimir Mihailovic (MNE)","Greece","Ukraine +14.5","Giannis Antetokounmpo (GRE)","Lithuania","Hungary +17.5","Adam Hanga (HUN)","Czech Republic","Czech Republic","Lauri Markkanen (FIN)","Georgia","Bulgaria +5.5","Alexander Vezenkov (BUL)","Slovenia","Germany +4.5","Franz Wagner (GER)","Italy","Italy","Simone Fontecchio (ITA)","Serbia","Serbia","Nikola Jokic (SRB)","Greece - Ukraine",""
"2022/09/06 11:39:23 am GMT+3","Bobi Paadik","Turkey","Turkey","Cedi Osman (TUR)","Poland","Netherlands +8.5","Mateusz Ponitka (POL)","Estonia","Estonia +1.5","Maik-Kalev Kotsar (EST)","France","Bosnia and Herzegovina +7.5","Dzanan Musa (BIH)","Spain","Montenegro +8.5","Bojan Dubljevic (MNE)","Greece","Ukraine +14.5","Giannis Antetokounmpo (GRE)","Lithuania","Hungary +17.5","Jonas Valanciunas (LTU)","Finland","Finland +1.5","Lauri Markkanen (FIN)","Georgia","Georgia","Alexander Vezenkov (BUL)","Slovenia","Germany +4.5","Luka Doncic (SLO)","Italy","Italy","Simone Fontecchio (ITA)","Serbia","Israel +13.5","Nikola Jokic (SRB)","Hungary - Lithuania",""
"2022/09/06 11:59:03 am GMT+3","Kaur","Belgium","Belgium +5.5","Retin Obasohan (BEL)","Poland","Netherlands +8.5","AJ Slaughter (POL)","Estonia","Estonia +1.5","Kristjan Kitsing (EST)","Bosnia and Herzegovina","Bosnia and Herzegovina +7.5","Dzanan Musa (BIH)","Spain","Spain","Bojan Dubljevic (MNE)","Greece","Ukraine +14.5","Tyler Dorsey (GRE)","Lithuania","Lithuania","Jonas Valanciunas (LTU)","Finland","Finland +1.5","Lauri Markkanen (FIN)","Georgia","Georgia","Sandro Mamukelashvili (GEO)","Slovenia","Slovenia","Goran Dragic (SLO)","Italy","Italy","Simone Fontecchio (ITA)","Serbia","Serbia","Nikola Jokic (SRB)","Israel - Serbia",""
"2022/09/06 12:01:11 pm GMT+3","RS","Turkey","Turkey","Shane Larkin (TUR)","Poland","Poland","Mateusz Ponitka (POL)","Estonia","Estonia +1.5","Maik-Kalev Kotsar (EST)","France","France","Thomas Heurtel (FRA)","Spain","Montenegro +8.5","Kendrick Perry (MNE)","Greece","Ukraine +14.5","Sviatoslav Mikhailiuk (UKR)","Lithuania","Hungary +17.5","Ignas Brazdeikis (LTU)","Finland","Czech Republic","Lauri Markkanen (FIN)","Georgia","Bulgaria +5.5","Thad McFadden (GEO)","Slovenia","Slovenia","Luka Doncic (SLO)","Italy","Italy","Simone Fontecchio (ITA)","Serbia","Serbia","Nemanja Nedovic (SRB)","Hungary - Lithuania",""
"2022/09/06 12:03:44 pm GMT+3","Roger","Turkey","Turkey","Sertac Sanli (TUR)","Poland","Netherlands +8.5","AJ Slaughter (POL)","Great Britain","Great Britain","Luke Nelson (GBR)","France","France","Evan Fournier (FRA)","Spain","Spain","Lorenzo Brown (ESP)","Greece","Ukraine +14.5","Giannis Antetokounmpo (GRE)","Lithuania","Hungary +17.5","Rokas Jokubaitis (LTU)","Czech Republic","Czech Republic","Jan Vesely (CZE)","Bulgaria","Bulgaria +5.5","Alexander Vezenkov (BUL)","Slovenia","Slovenia","Luka Doncic (SLO)","Italy","Italy","Simone Fontecchio (ITA)","Serbia","Israel +13.5","Deni Avdija (ISR)","Finland - Czech Republic","Šokolaad Bobile, et ta pakuks läheks ja alla kukuks"
"2022/09/06 12:04:04 pm GMT+3","Jens-K","Turkey","Belgium +5.5","Retin Obasohan (BEL)","Poland","Poland","Mateusz Ponitka (POL)","Estonia","Estonia +1.5","Maik-Kalev Kotsar (EST)","France","Bosnia and Herzegovina +7.5","Dzanan Musa (BIH)","Spain","Spain","Willy Hernangomez (ESP)","Greece","Greece","Giannis Antetokounmpo (GRE)","Lithuania","Hungary +17.5","Jonas Valanciunas (LTU)","Finland","Finland +1.5","Lauri Markkanen (FIN)","Bulgaria","Bulgaria +5.5","Alexander Vezenkov (BUL)","Slovenia","Slovenia","Luka Doncic (SLO)","Italy","Italy","Simone Fontecchio (ITA)","Serbia","Serbia","Nikola Jokic (SRB)","Israel - Serbia",""
"2022/09/06 12:04:38 pm GMT+3","Kristo Kluiverson","Turkey","Turkey","Cedi Osman (TUR)","Poland","Poland","AJ Slaughter (POL)","Great Britain","Great Britain","Myles Hesson (GBR)","Bosnia and Herzegovina","Bosnia and Herzegovina +7.5","Dzanan Musa (BIH)","Spain","Montenegro +8.5","Bojan Dubljevic (MNE)","Greece","Ukraine +14.5","Kostas Sloukas (GRE)","Lithuania","Lithuania","Marius Grigonis (LTU)","Czech Republic","Finland +1.5","Jan Vesely (CZE)","Georgia","Georgia","Thad McFadden (GEO)","Slovenia","Slovenia","Luka Doncic (SLO)","Croatia","Croatia +1.5","Ivica Zubac (CRO)","Serbia","Israel +13.5","Nikola Jokic (SRB)","Netherlands - Poland",""
"2022/09/06 12:44:20 pm GMT+3","Henry","Turkey","Turkey","Shane Larkin (TUR)","Poland","Poland","AJ Slaughter (POL)","Estonia","Estonia +1.5","Kerr Kriisa (EST)","France","France","Guerschon Yabusele (FRA)","Spain","Spain","Willy Hernangomez (ESP)","Greece","Greece","Sviatoslav Mikhailiuk (UKR)","Lithuania","Lithuania","Jonas Valanciunas (LTU)","Czech Republic","Czech Republic","Lauri Markkanen (FIN)","Georgia","Bulgaria +5.5","Sandro Mamukelashvili (GEO)","Slovenia","Germany +4.5","Luka Doncic (SLO)","Italy","Croatia +1.5","Simone Fontecchio (ITA)","Serbia","Serbia","Deni Avdija (ISR)","Estonia - Great Britain",""
"2022/09/06 1:00:04 pm GMT+3","Mart","Turkey","Turkey","Cedi Osman (TUR)","Poland","Poland","AJ Slaughter (POL)","Estonia","Estonia +1.5","Maik-Kalev Kotsar (EST)","France","Bosnia and Herzegovina +7.5","Dzanan Musa (BIH)","Spain","Spain","Bojan Dubljevic (MNE)","Greece","Ukraine +14.5","Giannis Antetokounmpo (GRE)","Lithuania","Hungary +17.5","Jonas Valanciunas (LTU)","Finland","Finland +1.5","Lauri Markkanen (FIN)","Georgia","Georgia","Alexander Vezenkov (BUL)","Slovenia","Slovenia","Luka Doncic (SLO)","Italy","Italy","Simone Fontecchio (ITA)","Serbia","Serbia","Nikola Jokic (SRB)","Estonia - Great Britain",""
"2022/09/06 1:09:13 pm GMT+3","Paul","Turkey","Turkey","Cedi Osman (TUR)","Poland","Poland","AJ Slaughter (POL)","Estonia","Estonia +1.5","Kerr Kriisa (EST)","France","Bosnia and Herzegovina +7.5","Dzanan Musa (BIH)","Spain","Spain","Willy Hernangomez (ESP)","Greece","Greece","Giannis Antetokounmpo (GRE)","Lithuania","Hungary +17.5","Jonas Valanciunas (LTU)","Finland","Finland +1.5","Lauri Markkanen (FIN)","Bulgaria","Bulgaria +5.5","Alexander Vezenkov (BUL)","Slovenia","Slovenia","Luka Doncic (SLO)","Croatia","Croatia +1.5","Bojan Bogdanovic (CRO)","Serbia","Serbia","Nikola Jokic (SRB)","Estonia - Great Britain",""