"Timestamp","Sinu nimi:","Kes võidab?","Kes võidab?","Kes viskab Bulgaria - Montenegro mängus enim punkte?","Kes võidab?","Kes võidab?","Kes viskab Lithuania - Germany mängus enim punkte?","Kes võidab?","Kes võidab?","Kes viskab Spain - Belgium mängus enim punkte?","Kes võidab?","Kes võidab?","Kes viskab Slovenia - Bosnia and Herzegovina mängus enim punkte?","Kes võidab?","Kes võidab?","Kes viskab Turkey - Georgia mängus enim punkte?","Kes võidab?","Kes võidab?","Kes viskab France - Hungary mängus enim punkte?","Kes võidab?","Kes võidab?","Kes viskab Poland - Israel mängus enim punkte?","Kes võidab?","Kes võidab?","Kes viskab Croatia - Estonia mängus enim punkte?","Kes võidab?","Kes võidab?","Kes viskab Great Britain - Greece mängus enim punkte?","Kes võidab?","Kes võidab?","Kes viskab Czech Republic - Netherlands mängus enim punkte?","Kes võidab?","Kes võidab?","Kes viskab Ukraine - Italy mängus enim punkte?","Kes võidab?","Kes võidab?","Kes viskab Serbia - Finland mängus enim punkte?","Millise mängu eest sa topelt punkte sooviksid?","Veel midagi?",""
"2022/09/03 9:05:26 am GMT+3","Gert","Montenegro","Montenegro","Alexander Vezenkov (BUL)","Germany","Germany +3.5","Dennis Schroder (GER)","Spain","Spain","Lorenzo Brown (ESP)","Slovenia","Slovenia","Luka Doncic (SLO)","Turkey","Turkey","Ercan Osmani (TUR)","France","France","Rudy Gobert (FRA)","Israel","Israel +3.5","AJ Slaughter (POL)","Croatia","Croatia","Bojan Bogdanovic (CRO)","Greece","Greece","Giannis Antetokounmpo (GRE)","Czech Republic","Czech Republic","Jan Vesely (CZE)","Italy","Italy","Simone Fontecchio (ITA)","Serbia","Finland +19.5","Vasilije Micic (SRB)","Great Britain - Greece","",""
"2022/09/03 4:16:17 pm GMT+3","RS","Montenegro","Montenegro","Kendrick Perry (MNE)","Lithuania","Lithuania","Dennis Schroder (GER)","Spain","Spain","Usman Garuba (ESP)","Slovenia","Slovenia","Luka Doncic (SLO)","Turkey","Georgia +12.5","Shane Larkin (TUR)","France","France","Evan Fournier (FRA)","Israel","Israel +3.5","Deni Avdija (ISR)","Croatia","Croatia","Bojan Bogdanovic (CRO)","Greece","Greece","Giannis Antetokounmpo (GRE)","Czech Republic","Czech Republic","Jan Vesely (CZE)","Italy","Italy","Simone Fontecchio (ITA)","Serbia","Finland +19.5","Nikola Jokic (SRB)","Croatia - Estonia","",""
"2022/09/03 5:36:28 pm GMT+3","Paul","Montenegro","Montenegro","Bojan Dubljevic (MNE)","Germany","Germany +3.5","Dennis Schroder (GER)","Spain","Spain","Willy Hernangomez (ESP)","Slovenia","Bosnia and Herzegovina +11.5","Luka Doncic (SLO)","Turkey","Georgia +12.5","Shane Larkin (TUR)","France","France","Rudy Gobert (FRA)","Poland","Poland","AJ Slaughter (POL)","Croatia","Croatia","Kerr Kriisa (EST)","Greece","Greece","Giannis Antetokounmpo (GRE)","Czech Republic","Czech Republic","Jan Vesely (CZE)","Italy","Italy","Simone Fontecchio (ITA)","Serbia","Finland +19.5","Nikola Jokic (SRB)","Serbia - Finland","",""
"2022/09/03 9:07:00 pm GMT+3","Kristo Kluiverson","Montenegro","Bulgaria +9.5","Alexander Vezenkov (BUL)","Lithuania","Germany +3.5","Marius Grigonis (LTU)","Spain","Spain","Lorenzo Brown (ESP)","Slovenia","Bosnia and Herzegovina +11.5","Luka Doncic (SLO)","Turkey","Georgia +12.5","Shane Larkin (TUR)","France","Hungary +17.5","Adam Hanga (HUN)","Israel","Israel +3.5","Deni Avdija (ISR)","Croatia","Croatia","Bojan Bogdanovic (CRO)","Greece","Greece","Giannis Antetokounmpo (GRE)","Czech Republic","Czech Republic","Worthy De Jong (NED)","Italy","Italy","Nicolo Melli (ITA)","Serbia","Finland +19.5","Nikola Jokic (SRB)","Croatia - Estonia","",""
"2022/09/03 9:07:09 pm GMT+3","Kaspar","Montenegro","Montenegro","Bojan Dubljevic (MNE)","Germany","Germany +3.5","Dennis Schroder (GER)","Spain","Spain","Lorenzo Brown (ESP)","Slovenia","Slovenia","Luka Doncic (SLO)","Turkey","Georgia +12.5","Sandro Mamukelashvili (GEO)","France","Hungary +17.5","Evan Fournier (FRA)","Israel","Israel +3.5","Deni Avdija (ISR)","Croatia","Croatia","Bojan Bogdanovic (CRO)","Greece","Greece","Kostas Papanikolaou (GRE)","Czech Republic","Netherlands +5.5","Worthy De Jong (NED)","Italy","Italy","Nicolo Melli (ITA)","Serbia","Finland +19.5","Lauri Markkanen (FIN)","Great Britain - Greece","",""
"2022/09/03 10:21:46 pm GMT+3","Asso","Montenegro","Montenegro","Kendrick Perry (MNE)","Lithuania","Lithuania","Domantas Sabonis (LTU)","Spain","Spain","Retin Obasohan (BEL)","Slovenia","Slovenia","Luka Doncic (SLO)","Turkey","Georgia +12.5","Cedi Osman (TUR)","France","France","Evan Fournier (FRA)","Israel","Israel +3.5","Deni Avdija (ISR)","Estonia","Croatia","Bojan Bogdanovic (CRO)","Greece","Greece","Giannis Antetokounmpo (GRE)","Czech Republic","Czech Republic","Jan Vesely (CZE)","Italy","Italy","Sviatoslav Mikhailiuk (UKR)","Serbia","Finland +19.5","Nikola Jokic (SRB)","Great Britain - Greece","",""
"2022/09/04 12:12:16 am GMT+3","Sébastien","Montenegro","Bulgaria +9.5","Alexander Vezenkov (BUL)","Germany","Germany +3.5","Dennis Schroder (GER)","Spain","Belgium +12.5","Retin Obasohan (BEL)","Slovenia","Slovenia","Luka Doncic (SLO)","Turkey","Turkey","Cedi Osman (TUR)","France","France","Evan Fournier (FRA)","Israel","Israel +3.5","Deni Avdija (ISR)","Croatia","Croatia","Bojan Bogdanovic (CRO)","Greece","Greece","Giannis Antetokounmpo (GRE)","Netherlands","Netherlands +5.5","Worthy De Jong (NED)","Italy","Italy","Simone Fontecchio (ITA)","Serbia","Finland +19.5","Nikola Jokic (SRB)","France - Hungary","",""
"2022/09/04 12:45:45 am GMT+3","Kaur","Montenegro","Bulgaria +9.5","Alexander Vezenkov (BUL)","Lithuania","Lithuania","Marius Grigonis (LTU)","Spain","Spain","Willy Hernangomez (ESP)","Slovenia","Slovenia","Dzanan Musa (BIH)","Turkey","Turkey","Cedi Osman (TUR)","France","France","Guerschon Yabusele (FRA)","Israel","Israel +3.5","Deni Avdija (ISR)","Croatia","Estonia +7.5","Henri Drell (EST)","Greece","Greece","Giannis Antetokounmpo (GRE)","Netherlands","Netherlands +5.5","Worthy De Jong (NED)","Italy","Italy","Simone Fontecchio (ITA)","Serbia","Finland +19.5","Lauri Markkanen (FIN)","Great Britain - Greece","",""
"2022/09/04 8:29:46 am GMT+3","Henry","Montenegro","Montenegro","Alexander Vezenkov (BUL)","Germany","Germany +3.5","Dennis Schroder (GER)","Spain","Spain","Willy Hernangomez (ESP)","Slovenia","Slovenia","Luka Doncic (SLO)","Turkey","Turkey","Shane Larkin (TUR)","France","France","Rudy Gobert (FRA)","Israel","Israel +3.5","Deni Avdija (ISR)","Croatia","Croatia","Kerr Kriisa (EST)","Greece","Greece","Giannis Antetokounmpo (GRE)","Czech Republic","Czech Republic","Jan Vesely (CZE)","Italy","Italy","Sviatoslav Mikhailiuk (UKR)","Serbia","Serbia","Lauri Markkanen (FIN)","Great Britain - Greece","",""
"2022/09/04 9:47:45 am GMT+3","Gert","Bulgaria","Bulgaria +9.5","Alexander Vezenkov (BUL)","Lithuania","Lithuania","Marius Grigonis (LTU)","Spain","Spain","Willy Hernangomez (ESP)","Slovenia","Bosnia and Herzegovina +11.5","Jusuf Nurkic (BIH)","Turkey","Turkey","Ercan Osmani (TUR)","France","France","Guerschon Yabusele (FRA)","Poland","Poland","Mateusz Ponitka (POL)","Croatia","Croatia","Bojan Bogdanovic (CRO)","Greece","Greece","Tyler Dorsey (GRE)","Netherlands","Netherlands +5.5","Worthy De Jong (NED)","Italy","Italy","Simone Fontecchio (ITA)","Serbia","Finland +19.5","Lauri Markkanen (FIN)","Spain - Belgium","",""
"2022/09/04 10:00:21 am GMT+3","Roger","Montenegro","Montenegro","Bojan Dubljevic (MNE)","Lithuania","Lithuania","Jonas Valanciunas (LTU)","Spain","Spain","Lorenzo Brown (ESP)","Slovenia","Bosnia and Herzegovina +11.5","Luka Doncic (SLO)","Turkey","Georgia +12.5","Cedi Osman (TUR)","France","Hungary +17.5","Guerschon Yabusele (FRA)","Israel","Israel +3.5","Deni Avdija (ISR)","Croatia","Croatia","Mario Hezonja (CRO)","Greece","Great Britain +14.5","Tyler Dorsey (GRE)","Czech Republic","Czech Republic","Jan Vesely (CZE)","Italy","Italy","Simone Fontecchio (ITA)","Serbia","Finland +19.5","Nikola Jokic (SRB)","Turkey - Georgia","",""
"2022/09/04 10:02:13 am GMT+3","Bobi Paadik","Montenegro","Bulgaria +9.5","Alexander Vezenkov (BUL)","Lithuania","Germany +3.5","Dennis Schroder (GER)","Spain","Spain","Willy Hernangomez (ESP)","Slovenia","Bosnia and Herzegovina +11.5","Luka Doncic (SLO)","Turkey","Georgia +12.5","Cedi Osman (TUR)","France","Hungary +17.5","Adam Hanga (HUN)","Israel","Israel +3.5","Mateusz Ponitka (POL)","Croatia","Croatia","Bojan Bogdanovic (CRO)","Greece","Greece","Giannis Antetokounmpo (GRE)","Czech Republic","Czech Republic","Worthy De Jong (NED)","Italy","Ukraine +8.5","Simone Fontecchio (ITA)","Serbia","Finland +19.5","Lauri Markkanen (FIN)","Great Britain - Greece","",""
"2022/09/04 11:39:25 am GMT+3","Raiko","Montenegro","Montenegro","Kendrick Perry (MNE)","Lithuania","Lithuania","Dennis Schroder (GER)","Spain","Spain","Lorenzo Brown (ESP)","Slovenia","Slovenia","Luka Doncic (SLO)","Turkey","Turkey","Shane Larkin (TUR)","France","France","Evan Fournier (FRA)","Israel","Israel +3.5","Mateusz Ponitka (POL)","Croatia","Croatia","Mario Hezonja (CRO)","Greece","Greece","Tyler Dorsey (GRE)","Czech Republic","Czech Republic","Tomas Satoransky (CZE)","Italy","Italy","Simone Fontecchio (ITA)","Serbia","Serbia","Lauri Markkanen (FIN)","Slovenia - Bosnia and Herzegovina","",""
"2022/09/04 11:43:07 am GMT+3","Jens-K","Montenegro","Bulgaria +9.5","Alexander Vezenkov (BUL)","Lithuania","Lithuania","Marius Grigonis (LTU)","Spain","Spain","Retin Obasohan (BEL)","Slovenia","Slovenia","Dzanan Musa (BIH)","Turkey","Turkey","Cedi Osman (TUR)","France","France","Evan Fournier (FRA)","Israel","Israel +3.5","Deni Avdija (ISR)","Croatia","Croatia","Bojan Bogdanovic (CRO)","Greece","Greece","Giannis Antetokounmpo (GRE)","Czech Republic","Czech Republic","Tomas Satoransky (CZE)","Italy","Italy","Simone Fontecchio (ITA)","Serbia","Finland +19.5","Lauri Markkanen (FIN)","Great Britain - Greece","",""
"2022/09/04 12:20:33 pm GMT+3","Kiks","Montenegro","Bulgaria +9.5","Alexander Vezenkov (BUL)","Germany","Lithuania","Mindaugas Kuzminskas (LTU)","Spain","Spain","Willy Hernangomez (ESP)","Slovenia","Bosnia and Herzegovina +11.5","Luka Doncic (SLO)","Turkey","Georgia +12.5","Thad McFadden (GEO)","France","Hungary +17.5","Evan Fournier (FRA)","Israel","Israel +3.5","Deni Avdija (ISR)","Estonia","Croatia","Maik-Kalev Kotsar (EST)","Greece","Greece","Giannis Antetokounmpo (GRE)","Czech Republic","Netherlands +5.5","Tomas Satoransky (CZE)","Italy","Italy","Simone Fontecchio (ITA)","Serbia","Finland +19.5","Nikola Jokic (SRB)","Great Britain - Greece","",""
"2022/09/04 12:47:47 pm GMT+3","Mart","Montenegro","Montenegro","Alexander Vezenkov (BUL)","Lithuania","Germany +3.5","Dennis Schroder (GER)","Spain","Spain","Willy Hernangomez (ESP)","Slovenia","Slovenia","Luka Doncic (SLO)","Turkey","Georgia +12.5","Cedi Osman (TUR)","France","France","Evan Fournier (FRA)","Poland","Poland","Deni Avdija (ISR)","Croatia","Croatia","Bojan Bogdanovic (CRO)","Greece","Greece","Giannis Antetokounmpo (GRE)","Czech Republic","Czech Republic","Worthy De Jong (NED)","Italy","Italy","Simone Fontecchio (ITA)","Serbia","Finland +19.5","Nikola Jokic (SRB)","Great Britain - Greece","",""
"2022/09/04 1:04:18 pm GMT+3","Horre Vahe","Montenegro","Montenegro","Alexander Vezenkov (BUL)","Lithuania","Lithuania","Marius Grigonis (LTU)","Spain","Spain","Willy Hernangomez (ESP)","Slovenia","Slovenia","Luka Doncic (SLO)","Turkey","Turkey","Cedi Osman (TUR)","France","France","Evan Fournier (FRA)","Poland","Poland","Mateusz Ponitka (POL)","Croatia","Croatia","Bojan Bogdanovic (CRO)","Greece","Greece","Tyler Dorsey (GRE)","Czech Republic","Czech Republic","Vojtech Hruban (CZE)","Italy","Italy","Simone Fontecchio (ITA)","Serbia","Serbia","Nikola Jokic (SRB)","Serbia - Finland","",""