"Timestamp","Sinu nimi:","Kes võidab?","Kes võidab?","Kes viskab Poland - France mängus enim punkte?","Kes võidab?","Kes võidab?","Kes viskab Germany - Spain mängus enim punkte?","Millise mängu eest sa topelt punkte sooviksid?","Veel midagi?"
"2022/09/15 6:10:11 am GMT+3","Henry","France","France","Thomas Heurtel (FRA)","Germany","Germany","Dennis Schroder (GER)","Germany - Spain",""
"2022/09/15 6:42:50 am GMT+3","Asso","France","Poland +11.5","Mateusz Ponitka (POL)","Germany","Germany","Franz Wagner (GER)","Poland - France",""
"2022/09/15 9:25:07 am GMT+3","Roger","France","France","Evan Fournier (FRA)","Spain","Spain +4.5","Dennis Schroder (GER)","Poland - France",""
"2022/09/15 9:30:17 am GMT+3","Gert","France","France","Rudy Gobert (FRA)","Spain","Spain +4.5","Willy Hernangomez (ESP)","Germany - Spain",""
"2022/09/15 10:22:14 am GMT+3","RS","France","Poland +11.5","Thomas Heurtel (FRA)","Germany","Germany","Franz Wagner (GER)","Poland - France",""
"2022/09/15 12:01:27 pm GMT+3","Horre Vahe","France","France","Evan Fournier (FRA)","Germany","Germany","Dennis Schroder (GER)","Poland - France",""
"2022/09/15 1:19:40 pm GMT+3","Kaspar","France","Poland +11.5","Evan Fournier (FRA)","Germany","Germany","Dennis Schroder (GER)","Germany - Spain",""
"2022/09/15 3:02:51 pm GMT+3","Kiks","France","Poland +11.5","Evan Fournier (FRA)","Germany","Spain +4.5","Dennis Schroder (GER)","Poland - France","Wish me luck!"
"2022/09/15 3:12:20 pm GMT+3","Jens-K","France","Poland +11.5","Rudy Gobert (FRA)","Germany","Germany","Willy Hernangomez (ESP)","Poland - France",""
"2022/09/15 3:59:22 pm GMT+3","Kristo Kluiverson","France","France","Evan Fournier (FRA)","Germany","Spain +4.5","Franz Wagner (GER)","Poland - France",""
"2022/09/15 5:55:08 pm GMT+3","Sébastien","France","Poland +11.5","Guerschon Yabusele (FRA)","Germany","Germany","Dennis Schroder (GER)","Poland - France",""
"2022/09/15 11:42:40 pm GMT+3","Paul","France","France","Rudy Gobert (FRA)","Germany","Germany","Dennis Schroder (GER)","Poland - France",""
"2022/09/16 9:41:25 am GMT+3","Mart","France","Poland +11.5","Mateusz Ponitka (POL)","Germany","Germany","Dennis Schroder (GER)","Germany - Spain",""
"2022/09/16 10:14:59 am GMT+3","Raiko","France","France","Rudy Gobert (FRA)","Germany","Germany","Dennis Schroder (GER)","Poland - France",""
"2022/09/16 10:18:20 am GMT+3","Kaur","Poland","Poland +11.5","AJ Slaughter (POL)","Germany","Germany","Franz Wagner (GER)","Poland - France",""
"2022/09/16 10:22:42 am GMT+3","Bobi Paadik","France","Poland +11.5","Mateusz Ponitka (POL)","Germany","Spain +4.5","Dennis Schroder (GER)","Germany - Spain",""