"Timestamp","Sinu nimi:","Kes võidab?","Kes võidab?","Kes viskab Spain - Bulgaria mängus enim punkte?","Kes võidab?","Kes võidab?","Kes viskab Bosnia and Herzegovina - Hungary mängus enim punkte?","Kes võidab?","Kes võidab?","Kes viskab Turkey - Montenegro mängus enim punkte?","Kes võidab?","Kes võidab?","Kes viskab Slovenia - Lithuania mängus enim punkte?","Kes võidab?","Kes võidab?","Kes viskab Belgium - Georgia mängus enim punkte?","Kes võidab?","Kes võidab?","Kes viskab France - Germany mängus enim punkte?","Kes võidab?","Kes võidab?","Kes viskab Israel - Finland mängus enim punkte?","Kes võidab?","Kes võidab?","Kes viskab Ukraine - Great Britain mängus enim punkte?","Kes võidab?","Kes võidab?","Kes viskab Croatia - Greece mängus enim punkte?","Kes võidab?","Kes võidab?","Kes viskab Poland - Czech Republic mängus enim punkte?","Kes võidab?","Kes võidab?","Kes viskab Italy - Estonia mängus enim punkte?","Kes võidab?","Kes võidab?","Kes viskab Serbia - Netherlands mängus enim punkte?","Millise mängu eest sa topelt punkte sooviksid?"
"2022/08/29 9:42:51 pm GMT+3","Paul","Spain","Spain","Willy Hernangomez (ESP)","Bosnia and Herzegovina","Bosnia and Herzegovina","Jusuf Nurkic (BIH)","Turkey","Turkey","Furkan Korkmaz (TUR)","Slovenia","Slovenia","Luka Doncic (SLO)","Georgia","Belgium +3.5","Goga Bitadze (GEO)","France","France","Evan Fournier (FRA)","Israel","Israel +3.5","Petteri Koponen (FIN)","Ukraine","Ukraine","Sviatoslav Mikhailiuk (UKR)","Greece","Greece","Giannis Antetokounmpo (GRE)","Czech Republic","Czech Republic","Jan Vesely (CZE)","Italy","Italy","Simone Fontecchio (ITA)","Serbia","Netherlands +22.5","Nikola Jokic (SRB)","Slovenia - Lithuania"
"2022/08/30 8:56:04 am GMT+3","Kristo Kluiverson","Spain","Bulgaria +17.5","Lorenzo Brown (ESP)","Bosnia and Herzegovina","Bosnia and Herzegovina","Dzanan Musa (BIH)","Montenegro","Montenegro +9.5","Cedi Osman (TUR)","Lithuania","Lithuania +5.5","Domantas Sabonis (LTU)","Georgia","Georgia","Giorgi Shermadini (GEO)","France","Germany +7.5","Dennis Schroder (GER)","Israel","Israel +3.5","Deni Avdija (ISR)","Ukraine","Great Britain +5.5","Sviatoslav Mikhailiuk (UKR)","Greece","Greece","Giannis Antetokounmpo (GRE)","Czech Republic","Czech Republic","AJ Slaughter (POL)","Italy","Estonia +16.5","Nico Mannion (ITA)","Serbia","Netherlands +22.5","Nikola Kalinic (SRB)","Croatia - Greece"
"2022/08/30 9:14:27 am GMT+3","Asso","Spain","Bulgaria +17.5","Alexander Vezenkov (BUL)","Bosnia and Herzegovina","Bosnia and Herzegovina","Jusuf Nurkic (BIH)","Turkey","Turkey","Kendrick Perry (MNE)","Slovenia","Slovenia","Luka Doncic (SLO)","Georgia","Georgia","Giorgi Shermadini (GEO)","France","France","Dennis Schroder (GER)","Finland","Israel +3.5","Lauri Markkanen (FIN)","Ukraine","Ukraine","Sviatoslav Mikhailiuk (UKR)","Greece","Greece","Giannis Antetokounmpo (GRE)","Czech Republic","Czech Republic","Vojtech Hruban (CZE)","Italy","Estonia +16.5","Simone Fontecchio (ITA)","Serbia","Netherlands +22.5","Nikola Jokic (SRB)","Serbia - Netherlands"
"2022/08/30 9:36:30 am GMT+3","Horre Vahe","Spain","Spain","Alexander Vezenkov (BUL)","Bosnia and Herzegovina","Bosnia and Herzegovina","Jusuf Nurkic (BIH)","Turkey","Turkey","Cedi Osman (TUR)","Slovenia","Slovenia","Luka Doncic (SLO)","Georgia","Georgia","Goga Bitadze (GEO)","Germany","Germany +7.5","Dennis Schroder (GER)","Finland","Finland","Lauri Markkanen (FIN)","Ukraine","Ukraine","Sviatoslav Mikhailiuk (UKR)","Greece","Greece","Giannis Antetokounmpo (GRE)","Czech Republic","Czech Republic","Tomas Satoransky (CZE)","Italy","Italy","Simone Fontecchio (ITA)","Serbia","Serbia","Nikola Jokic (SRB)","Serbia - Netherlands"
"2022/08/30 9:38:56 am GMT+3","Jens-K","Spain","Spain","Willy Hernangomez (ESP)","Bosnia and Herzegovina","Bosnia and Herzegovina","Jusuf Nurkic (BIH)","Turkey","Turkey","Shane Larkin (TUR)","Slovenia","Lithuania +5.5","Luka Doncic (SLO)","Georgia","Georgia","Thad McFadden (GEO)","France","France","Guerschon Yabusele (FRA)","Israel","Israel +3.5","Lauri Markkanen (FIN)","Ukraine","Ukraine","Sviatoslav Mikhailiuk (UKR)","Greece","Greece","Giannis Antetokounmpo (GRE)","Czech Republic","Poland +4.5","AJ Slaughter (POL)","Italy","Italy","Simone Fontecchio (ITA)","Serbia","Serbia","Nikola Jokic (SRB)","Belgium - Georgia"
"2022/08/30 10:00:02 am GMT+3","Gert","Spain","Bulgaria +17.5","Alexander Vezenkov (BUL)","Bosnia and Herzegovina","Bosnia and Herzegovina","Adam Hanga (HUN)","Montenegro","Montenegro +9.5","Kendrick Perry (MNE)","Lithuania","Lithuania +5.5","Luka Doncic (SLO)","Georgia","Georgia","Ismael Bako (BEL)","France","France","Evan Fournier (FRA)","Finland","Finland","Lauri Markkanen (FIN)","Ukraine","Ukraine","Sviatoslav Mikhailiuk (UKR)","Greece","Greece","Thanasis Antetokounmpo (GRE)","Czech Republic","Czech Republic","Jan Vesely (CZE)","Italy","Estonia +16.5","Maik-Kalev Kotsar (EST)","Serbia","Serbia","Nikola Jokic (SRB)","France - Germany"
"2022/08/30 10:40:21 am GMT+3","Bobi Paadik","Spain","Bulgaria +17.5","Alexander Vezenkov (BUL)","Bosnia and Herzegovina","Bosnia and Herzegovina","Jusuf Nurkic (BIH)","Turkey","Turkey","Shane Larkin (TUR)","Slovenia","Slovenia","Luka Doncic (SLO)","Georgia","Georgia","Goga Bitadze (GEO)","France","Germany +7.5","Dennis Schroder (GER)","Israel","Israel +3.5","Lauri Markkanen (FIN)","Ukraine","Ukraine","Sviatoslav Mikhailiuk (UKR)","Greece","Greece","Giannis Antetokounmpo (GRE)","Czech Republic","Czech Republic","Mateusz Ponitka (POL)","Italy","Estonia +16.5","Simone Fontecchio (ITA)","Serbia","Netherlands +22.5","Nikola Jokic (SRB)","Croatia - Greece"
"2022/08/30 2:04:44 pm GMT+3","Kiks","Spain","Bulgaria +17.5","Willy Hernangomez (ESP)","Bosnia and Herzegovina","Bosnia and Herzegovina","Adam Hanga (HUN)","Turkey","Montenegro +9.5","Cedi Osman (TUR)","Slovenia","Slovenia","Luka Doncic (SLO)","Belgium","Belgium +3.5","Thad McFadden (GEO)","France","Germany +7.5","Dennis Schroder (GER)","Finland","Finland","Lauri Markkanen (FIN)","Ukraine","Ukraine","Myles Hesson (GBR)","Greece","Croatia +9.5","Giannis Antetokounmpo (GRE)","Czech Republic","Poland +4.5","AJ Slaughter (POL)","Italy","Estonia +16.5","Simone Fontecchio (ITA)","Serbia","Serbia","Nikola Jokic (SRB)","Croatia - Greece"
"2022/08/30 9:12:40 pm GMT+3","Kaspar","Spain","Bulgaria +17.5","Willy Hernangomez (ESP)","Bosnia and Herzegovina","Bosnia and Herzegovina","Jusuf Nurkic (BIH)","Turkey","Montenegro +9.5","Cedi Osman (TUR)","Slovenia","Slovenia","Luka Doncic (SLO)","Belgium","Belgium +3.5","Jonathan Tabu (BEL)","France","Germany +7.5","Dennis Schroder (GER)","Finland","Finland","Lauri Markkanen (FIN)","Ukraine","Great Britain +5.5","Issuf Sanon (UKR)","Greece","Greece","Giannis Antetokounmpo (GRE)","Czech Republic","Czech Republic","Tomas Satoransky (CZE)","Italy","Estonia +16.5","Kerr Kriisa (EST)","Serbia","Netherlands +22.5","Vasilije Micic (SRB)","Serbia - Netherlands"
"2022/08/31 1:09:30 am GMT+3","Sébastien","Spain","Spain","Juancho Hernangomez (ESP)","Bosnia and Herzegovina","Bosnia and Herzegovina","Dzanan Musa (BIH)","Turkey","Montenegro +9.5","Alperen Sengun (TUR)","Slovenia","Slovenia","Luka Doncic (SLO)","Belgium","Belgium +3.5","Ismael Bako (BEL)","France","France","Evan Fournier (FRA)","Israel","Israel +3.5","Yam Madar (ISR)","Great Britain","Great Britain +5.5","Myles Hesson (GBR)","Greece","Greece","Giannis Antetokounmpo (GRE)","Czech Republic","Czech Republic","David Jelinek (CZE)","Italy","Italy","Simone Fontecchio (ITA)","Serbia","Netherlands +22.5","Nikola Jokic (SRB)","France - Germany"
"2022/08/31 3:20:19 pm GMT+3","Raiko","Spain","Spain","Juancho Hernangomez (ESP)","Bosnia and Herzegovina","Bosnia and Herzegovina","Dzanan Musa (BIH)","Turkey","Turkey","Cedi Osman (TUR)","Lithuania","Lithuania +5.5","Luka Doncic (SLO)","Georgia","Georgia","Giorgi Shermadini (GEO)","France","France","Evan Fournier (FRA)","Finland","Finland","Lauri Markkanen (FIN)","Ukraine","Ukraine","Oleksiy Len (UKR)","Greece","Greece","Giannis Antetokounmpo (GRE)","Czech Republic","Czech Republic","Tomas Satoransky (CZE)","Italy","Italy","Nicolo Melli (ITA)","Serbia","Serbia","Vasilije Micic (SRB)","Slovenia - Lithuania"
"2022/08/31 6:25:19 pm GMT+3","Mart","Spain","Bulgaria +17.5","Alexander Vezenkov (BUL)","Bosnia and Herzegovina","Hungary +6.5","Jusuf Nurkic (BIH)","Turkey","Montenegro +9.5","Cedi Osman (TUR)","Slovenia","Lithuania +5.5","Luka Doncic (SLO)","Georgia","Belgium +3.5","Thad McFadden (GEO)","France","Germany +7.5","Evan Fournier (FRA)","Finland","Finland","Lauri Markkanen (FIN)","Ukraine","Ukraine","Sviatoslav Mikhailiuk (UKR)","Greece","Croatia +9.5","Giannis Antetokounmpo (GRE)","Czech Republic","Czech Republic","Vojtech Hruban (CZE)","Italy","Estonia +16.5","Simone Fontecchio (ITA)","Serbia","Serbia","Nikola Jokic (SRB)","Spain - Bulgaria"
"2022/08/31 8:47:22 pm GMT+3","Henry","Spain","Spain","Willy Hernangomez (ESP)","Bosnia and Herzegovina","Bosnia and Herzegovina","Jusuf Nurkic (BIH)","Turkey","Turkey","Shane Larkin (TUR)","Slovenia","Slovenia","Luka Doncic (SLO)","Georgia","Georgia","Thad McFadden (GEO)","Germany","Germany +7.5","Rudy Gobert (FRA)","Finland","Finland","Lauri Markkanen (FIN)","Ukraine","Ukraine","Sviatoslav Mikhailiuk (UKR)","Greece","Greece","Giannis Antetokounmpo (GRE)","Czech Republic","Czech Republic","Jan Vesely (CZE)","Estonia","Estonia +16.5","Kerr Kriisa (EST)","Serbia","Serbia","Nikola Jokic (SRB)","Croatia - Greece"
"2022/08/31 10:36:54 pm GMT+3","RS","Spain","Bulgaria +17.5","Lorenzo Brown (ESP)","Bosnia and Herzegovina","Bosnia and Herzegovina","Jusuf Nurkic (BIH)","Turkey","Turkey","Cedi Osman (TUR)","Slovenia","Slovenia","Luka Doncic (SLO)","Georgia","Georgia","Goga Bitadze (GEO)","France","Germany +7.5","Dennis Schroder (GER)","Finland","Finland","Lauri Markkanen (FIN)","Ukraine","Ukraine","Sviatoslav Mikhailiuk (UKR)","Greece","Greece","Giannis Antetokounmpo (GRE)","Czech Republic","Czech Republic","Mateusz Ponitka (POL)","Italy","Estonia +16.5","Nicolo Melli (ITA)","Serbia","Netherlands +22.5","Nikola Jokic (SRB)","Serbia - Netherlands"