"Timestamp","Sinu nimi:","Kes võidab?","Kes võidab?","Kes viskab Germany - Poland mängus enim punkte?","Kes võidab?","Kes võidab?","Kes viskab Spain - France mängus enim punkte?","Millise mängu eest sa topelt punkte sooviksid?","Veel midagi? Ütle midagi kokkuvõtvat. Turniiri ja/või meie mängu kohta. Kas sulle meeldis see? Kas on mõni idee kuidas see paremaks teha?"
"2022/09/16 11:46:53 pm GMT+3","Asso","Germany","Germany","Dennis Schroder (GER)","France","France","Evan Fournier (FRA)","Germany - Poland","Mulle meeldis see"
"2022/09/16 11:48:32 pm GMT+3","Kristo Kluiverson","Germany","Germany","Franz Wagner (GER)","France","France","Rudy Gobert (FRA)","Germany - Poland","Mul ei läinud väga hästi seekord, aga tegelikult ma ise olen väga hea selles. Kohtunikud on süüdi!"
"2022/09/16 11:54:55 pm GMT+3","RS","Germany","Germany","Franz Wagner (GER)","France","France","Guerschon Yabusele (FRA)","Germany - Poland","Kõik tip-top"
"2022/09/17 7:26:39 am GMT+3","Gert","Poland","Poland +9.5","Mateusz Ponitka (POL)","Spain","Spain +3.5","Lorenzo Brown (ESP)","Germany - Poland","-"
"2022/09/17 11:29:43 am GMT+3","Kiks","Germany","Germany","Dennis Schroder (GER)","Spain","Spain +3.5","Lorenzo Brown (ESP)","Germany - Poland","Fantastiline idee! Tubli töö, kõik sujus hästi, tänud!"
"2022/09/17 5:17:08 pm GMT+3","Kaspar","Germany","Germany","AJ Slaughter (POL)","France","France","Evan Fournier (FRA)","Germany - Poland","Peale alagruppi läks ennustus käest ära ning minuga täpselt vastupidi ennustades oleks kena kopika teeninud. Tore värk, tegi niigi väga põneva EMi veel põnevamaks."
"2022/09/17 7:10:27 pm GMT+3","Kaur","Germany","Germany","Daniel Theis (GER)","France","France","Vincent Poirier (FRA)","Germany - Poland","Tänud ägeda ennustustabeli eest!"
"2022/09/18 7:39:38 am GMT+3","Henry","Germany","Germany","Dennis Schroder (GER)","France","France","Lorenzo Brown (ESP)","Spain - France","👌"
"2022/09/18 8:28:21 am GMT+3","Mart","Germany","Germany","Dennis Schroder (GER)","France","France","Evan Fournier (FRA)","Germany - Poland","Ei."
"2022/09/18 11:44:12 am GMT+3","Bobi Paadik","Germany","Germany","Dennis Schroder (GER)","France","France","Willy Hernangomez (ESP)","Germany - Poland","väga äss mäng, võib-olla lisada mingi üldennustuse voor enne turniiri algust (tiimi alagrupi koht, kas jõuab veerandfinaali, poolfinaali, finaali, mis medali saab, turniiri parim punktiskoorija jne) "
"2022/09/18 11:57:45 am GMT+3","Roger","Germany","Germany","Franz Wagner (GER)","Spain","Spain +3.5","Evan Fournier (FRA)","Germany - Poland","Aitäh, väga tore oli!"
"2022/09/18 12:17:45 pm GMT+3","Paul","Germany","Germany","Franz Wagner (GER)","France","France","Guerschon Yabusele (FRA)","Spain - France","Väga hea."
"2022/09/18 12:22:27 pm GMT+3","Raiko","Germany","Germany","Dennis Schroder (GER)","France","France","Evan Fournier (FRA)","Germany - Poland","Äge! Aga õiged kossumehed ongi seal tabeli lõpus"
"2022/09/18 12:24:25 pm GMT+3","Jens-K","Germany","Germany","Dennis Schroder (GER)","Spain","Spain +3.5","Lorenzo Brown (ESP)","Spain - France","Äge värk oli, tegi turniiri oluliselt huvitavamaks."
"2022/09/18 12:26:03 pm GMT+3","Horre Vahe","Germany","Germany","Franz Wagner (GER)","France","France","Guerschon Yabusele (FRA)","Spain - France","Teeme jalka MM ajal ka selle"
"2022/09/18 12:26:59 pm GMT+3","Sébastien","Germany","Germany","Dennis Schroder (GER)","France","France","Guerschon Yabusele (FRA)","Spain - France","Vive la France"